{"ongoing_trials": {"tuner0": "0002"}, "hyperparameters": {"space": [{"class_name": "Int", "config": {"name": "filters_1", "default": null, "conditions": [], "min_value": 32, "max_value": 128, "step": 32, "sampling": "linear"}}, {"class_name": "Int", "config": {"name": "filters_2", "default": null, "conditions": [], "min_value": 32, "max_value": 128, "step": 32, "sampling": "linear"}}, {"class_name": "Int", "config": {"name": "dense_units", "default": null, "conditions": [], "min_value": 64, "max_value": 256, "step": 64, "sampling": "linear"}}, {"class_name": "Float", "config": {"name": "dropout", "default": 0.2, "conditions": [], "min_value": 0.2, "max_value": 0.5, "step": 0.1, "sampling": "linear"}}, {"class_name": "Choice", "config": {"name": "learning_rate", "default": 0.001, "conditions": [], "values": [0.001, 0.0001, 1e-05], "ordered": true}}], "values": {"filters_1": 32, "filters_2": 32, "dense_units": 64, "dropout": 0.2, "learning_rate": 0.001}}, "start_order": ["0000", "0001", "0002"], "end_order": ["0000", "0001"], "run_times": {"0000": 1, "0001": 1}, "retry_queue": [], "seed": 1790, "seed_state": 1805, "tried_so_far": ["20d28b145c9ae99e68ad0210da606647", "1357cce75c756c568fcedc3ce99f6faa", "82f87aa6c0927ff915b4146e7061d2d2"], "id_to_hash": {"0000": "82f87aa6c0927ff915b4146e7061d2d2", "0001": "1357cce75c756c568fcedc3ce99f6faa", "0002": "20d28b145c9ae99e68ad0210da606647"}, "display": {"search_start": "2025-02-13T17:07:25.016045", "trial_start": {"0000": "2025-02-13T17:07:25.016045", "0001": "2025-02-13T17:07:41.438731"}, "trial_number": {"0000": 1, "0001": 2}}, "hyperband_iterations": 1, "max_epochs": 10, "min_epochs": 1, "factor": 3, "brackets": [{"bracket_num": 2, "rounds": [[{"past_id": null, "id": "0000"}, {"past_id": null, "id": "0001"}, {"past_id": null, "id": "0002"}], [], []]}], "current_bracket": 2, "current_iteration": 0}