{"trial_id": "02", "hyperparameters": {"space": [{"class_name": "Int", "config": {"name": "conv1_units", "default": null, "conditions": [], "min_value": 16, "max_value": 128, "step": 16, "sampling": "linear"}}, {"class_name": "Int", "config": {"name": "conv2_units", "default": null, "conditions": [], "min_value": 32, "max_value": 256, "step": 32, "sampling": "linear"}}, {"class_name": "Int", "config": {"name": "dense_units", "default": null, "conditions": [], "min_value": 64, "max_value": 512, "step": 64, "sampling": "linear"}}, {"class_name": "Choice", "config": {"name": "dropout_rate", "default": 0.3, "conditions": [], "values": [0.3, 0.4, 0.5], "ordered": true}}], "values": {"conv1_units": 32, "conv2_units": 96, "dense_units": 192, "dropout_rate": 0.3}}, "metrics": {"metrics": {}}, "score": null, "best_step": 0, "status": "RUNNING", "message": null}