{"ongoing_trials": {"tuner0": "02"}, "hyperparameters": {"space": [{"class_name": "Int", "config": {"name": "conv1_units", "default": null, "conditions": [], "min_value": 16, "max_value": 128, "step": 16, "sampling": "linear"}}, {"class_name": "Int", "config": {"name": "conv2_units", "default": null, "conditions": [], "min_value": 32, "max_value": 256, "step": 32, "sampling": "linear"}}, {"class_name": "Int", "config": {"name": "dense_units", "default": null, "conditions": [], "min_value": 64, "max_value": 512, "step": 64, "sampling": "linear"}}, {"class_name": "Choice", "config": {"name": "dropout_rate", "default": 0.3, "conditions": [], "values": [0.3, 0.4, 0.5], "ordered": true}}], "values": {"conv1_units": 16, "conv2_units": 32, "dense_units": 64, "dropout_rate": 0.3}}, "start_order": ["00", "01", "02"], "end_order": ["00", "01"], "run_times": {"00": 1, "01": 1}, "retry_queue": [], "seed": 612, "seed_state": 624, "tried_so_far": ["f200c87eed44c5237f76ef83a816fff2", "1bfc12e22aa26e365594090ebadb89dd", "5cb100de56c4d5cf9b44d32c6b366e90"], "id_to_hash": {"00": "5cb100de56c4d5cf9b44d32c6b366e90", "01": "1bfc12e22aa26e365594090ebadb89dd", "02": "f200c87eed44c5237f76ef83a816fff2"}, "display": {"search_start": "2025-02-13T19:37:18.346013", "trial_start": {"00": "2025-02-13T19:37:18.346013", "01": "2025-02-13T19:37:32.094366"}, "trial_number": {"00": 1, "01": 2}}}